bench,variant,param,median_ns,ns_per_access
seq_sum,sum_L1,16K,237,0.0578
seq_sum,sum_L2,128K,2167,0.0661
seq_sum,sum_L3,4M,100410,0.0958
seq_sum,sum_DRAM,256M,15709320,0.2341
strided_i32,stride,1(4B),517020,0.4931
strided_i32,stride,2(8B),690104,0.6581
strided_i32,stride,4(16B),1061327,1.0122
strided_i32,stride,8(32B),2138167,2.0391
strided_i32,stride,16(64B),6895070,6.5757
strided_i32,stride,32(128B),14081377,13.4290
strided_i32,stride,64(256B),16139782,15.3921
matrix_traverse,row_major,N=2048,4666775,1.1126
matrix_traverse,col_major,N=2048,59683990,14.2298
matrix_traverse,row_major,N=4096,19147069,1.1413
matrix_traverse,col_major,N=4096,328394401,19.5738
matmul,naive_ijk,N=256,24609567,1.4668
matmul,tiled_T16,N=256,11435000,0.6816
matmul,tiled_T32,N=256,13846992,0.8253
matmul,tiled_T64,N=256,14973153,0.8925
matmul,naive_ijk,N=1024,2434129227,2.2670
matmul,tiled_T16,N=1024,814198574,0.7583
matmul,tiled_T32,N=1024,1055722270,0.9832
matmul,tiled_T64,N=1024,1437179031,1.3385
list_vs_vector,vector,N=1048576,159803,0.1524
list_vs_vector,list_ordered,N=1048576,1667112,1.5899
list_vs_vector,list_shuffled,N=1048576,73620374,70.2099
list_vs_vector,vector,N=8388608,2463402,0.2937
list_vs_vector,list_ordered,N=8388608,14881500,1.7740
list_vs_vector,list_shuffled,N=8388608,917199108,109.3387
aos_soa,aos,N=4194304,23709645,5.6528
aos_soa,soa,N=4194304,1849856,0.4410
false_sharing,packed,threads=2,672066666,33.6033
false_sharing,padded,threads=2,92935880,4.6468
spsc_ring,packed,items=20000000,501759990,25.0880
spsc_ring,padded,items=20000000,359666501,17.9833
spsc_ring,packed_nocache,items=20000000,296718388,14.8359
spsc_ring,padded_nocache,items=20000000,514197770,25.7099
